{"cameraMode":{"drawMode":0,"name":"Shaded","section":"Shading Mode"},"sceneLighting":true,"audioPlay":false,"sceneViewState":{"m_AlwaysRefresh":false,"showFog":true,"showSkybox":true,"showFlares":true,"showImageEffects":true,"showParticleSystems":true,"showVisualEffectGraphs":true,"m_FxEnabled":false},"in2DMode":false,"pivot":{"x":96.16429901123047,"y":5.865512847900391,"z":60.39628601074219},"rotation":{"x":0.6544151902198792,"y":0.0033974400721490385,"z":-0.0029502143152058126,"w":0.7561522126197815},"size":145.33184814453126,"orthographic":true}