{"cameraMode":{"drawMode":0,"name":"Shaded","section":"Shading Mode"},"sceneLighting":true,"audioPlay":false,"sceneViewState":{"m_AlwaysRefresh":false,"showFog":true,"showSkybox":true,"showFlares":true,"showImageEffects":true,"showParticleSystems":true,"showVisualEffectGraphs":true,"m_FxEnabled":false},"in2DMode":false,"pivot":{"x":41.44392395019531,"y":12.566326141357422,"z":24.664316177368165},"rotation":{"x":0.6209039688110352,"y":0.005874147173017263,"z":-0.004662506282329559,"w":0.7838835120201111},"size":200.58447265625,"orthographic":true}