{"cameraMode":{"drawMode":0,"name":"Shaded","section":"Shading Mode"},"sceneLighting":true,"audioPlay":false,"sceneViewState":{"m_AlwaysRefresh":false,"showFog":true,"showSkybox":true,"showFlares":true,"showImageEffects":true,"showParticleSystems":true,"showVisualEffectGraphs":true,"m_FxEnabled":false},"in2DMode":false,"pivot":{"x":29.805397033691408,"y":-39.24555969238281,"z":21.808685302734376},"rotation":{"x":0.4105069041252136,"y":0.009540362283587456,"z":-0.004395806696265936,"w":0.9118828773498535},"size":108.67282104492188,"orthographic":true}