{"cameraMode":{"drawMode":0,"name":"Shaded","section":"Shading Mode"},"sceneLighting":true,"audioPlay":false,"sceneViewState":{"m_AlwaysRefresh":false,"showFog":true,"showSkybox":true,"showFlares":true,"showImageEffects":true,"showParticleSystems":true,"showVisualEffectGraphs":true,"m_FxEnabled":false},"in2DMode":false,"pivot":{"x":-0.0004945993423461914,"y":0.9035035371780396,"z":1.3116395473480225},"rotation":{"x":-0.13261480629444123,"y":0.8622498512268066,"z":-0.29131004214286806,"w":-0.3925260305404663},"size":1.3757895231246949,"orthographic":false}