{"cameraMode":{"drawMode":0,"name":"Shaded","section":"Shading Mode"},"sceneLighting":true,"audioPlay":false,"sceneViewState":{"m_AlwaysRefresh":false,"showFog":true,"showSkybox":true,"showFlares":true,"showImageEffects":true,"showParticleSystems":true,"showVisualEffectGraphs":true,"m_FxEnabled":false},"in2DMode":false,"pivot":{"x":-2.459218978881836,"y":-12.649717330932618,"z":99.15290069580078},"rotation":{"x":0.08286836743354798,"y":0.10146981477737427,"z":-0.008484074845910073,"w":0.9913495182991028},"size":44.67805099487305,"orthographic":false}