{"cameraMode":{"drawMode":0,"name":"Shaded","section":"Shading Mode"},"sceneLighting":true,"audioPlay":false,"sceneViewState":{"m_AlwaysRefresh":false,"showFog":true,"showSkybox":true,"showFlares":true,"showImageEffects":true,"showParticleSystems":true,"showVisualEffectGraphs":true,"m_FxEnabled":false},"in2DMode":false,"pivot":{"x":94.99038696289063,"y":29.999969482421876,"z":-56.428314208984378},"rotation":{"x":0.7319067716598511,"y":0.0163420420140028,"z":-0.01757367141544819,"w":0.6810207962989807},"size":246.30038452148438,"orthographic":true}