{"cameraMode":{"drawMode":0,"name":"Shaded","section":"Shading Mode"},"sceneLighting":true,"audioPlay":false,"sceneViewState":{"m_AlwaysRefresh":false,"showFog":true,"showSkybox":true,"showFlares":true,"showImageEffects":true,"showParticleSystems":true,"showVisualEffectGraphs":true,"m_FxEnabled":false},"in2DMode":false,"pivot":{"x":-26.390119552612306,"y":41.04804992675781,"z":-57.880584716796878},"rotation":{"x":0.3311288356781006,"y":0.08755022287368775,"z":-0.031019315123558046,"w":0.9391105771064758},"size":139.4850311279297,"orthographic":true}