{"cameraMode":{"drawMode":0,"name":"Shaded","section":"Shading Mode"},"sceneLighting":true,"audioPlay":false,"sceneViewState":{"m_AlwaysRefresh":false,"showFog":true,"showSkybox":true,"showFlares":true,"showImageEffects":true,"showParticleSystems":true,"showVisualEffectGraphs":true,"m_FxEnabled":false},"in2DMode":false,"pivot":{"x":4.092376232147217,"y":23.305747985839845,"z":62.40760040283203},"rotation":{"x":0.6237951517105103,"y":0.035136859863996509,"z":-0.028089750558137895,"w":0.7802920341491699},"size":16.98458480834961,"orthographic":false}