{"cameraMode":{"drawMode":0,"name":"Shaded","section":"Shading Mode"},"sceneLighting":true,"audioPlay":false,"sceneViewState":{"m_AlwaysRefresh":false,"showFog":true,"showSkybox":true,"showFlares":true,"showImageEffects":true,"showParticleSystems":true,"showVisualEffectGraphs":true,"m_FxEnabled":false},"in2DMode":false,"pivot":{"x":-15.451087951660157,"y":7.869169235229492,"z":61.62672424316406},"rotation":{"x":0.46311992406845095,"y":0.003735844511538744,"z":-0.0019512773724272848,"w":0.8863217830657959},"size":27.450777053833009,"orthographic":false}